<?xml version="1.0" encoding="UTF-8" ?>
<!DOCTYPE configuration PUBLIC "-//mybatis.org//DTD Config 3.0//EN"
    "http://mybatis.org/dtd/mybatis-3-config.dtd"> 
<configuration>
    <properties resource="db.properties"/>
    <typeAliases>
        <typeAlias type="cn.ox85.models.Reader" alias="Reader"/>
        <typeAlias type="cn.ox85.models.User" alias="User"/>
        <typeAlias type="cn.ox85.models.Book" alias="Book"/>
        <typeAlias type="cn.ox85.models.BBR" alias="BBR"/>
        <typeAlias type="cn.ox85.models.RI" alias="RI"/>
    </typeAliases>
    <environments default="development">
        <environment id="development">
            <transactionManager type="JDBC"/>
            <dataSource type="POOLED">
                <property name="driver" value="${database.driver}"/>
                <property name="url" value="${database.url}"/>
                <property name="username" value="${database.username}"/>
                <property name="password" value="${database.password}"/>
            </dataSource>
        </environment>
    </environments>
    <mappers>
        <mapper resource="cn/ox85/sql/maps/ReaderMap.xml"/>
        <mapper resource="cn/ox85/sql/maps/ReaderTypeMap.xml"/>
        <mapper resource="cn/ox85/sql/maps/UserMap.xml"/>
        <mapper resource="cn/ox85/sql/maps/BookMap.xml"/>
        <mapper resource="cn/ox85/sql/maps/BBRMap.xml"/>
        <mapper resource="cn/ox85/sql/maps/RIMap.xml"/>
    </mappers>
</configuration>
